{
  "_fv": 24,
  "_type": "recipe",
  "definition": {
    "recipeType": "Crafting",
    "xpReward": 0.0,
    "cookingTime": 200,
    "recipeRetstackSize": 1,
    "group": "",
    "recipeShapeless": false,
    "recipeSlots": [
      {
        "value": "Items.WATER_BUCKET"
      },
      {
        "value": ""
      },
      {
        "value": ""
      },
      {
        "value": "Blocks.COBBLESTONE"
      },
      {
        "value": "Items.FLINT_AND_STEEL"
      },
      {
        "value": ""
      },
      {
        "value": "Items.BONE"
      },
      {
        "value": "Blocks.COBBLESTONE"
      },
      {
        "value": "Items.WATER_BUCKET"
      }
    ],
    "recipeReturnStack": {
      "value": "CUSTOM:SWYiYongJiuJing"
    },
    "name": "h_he_cheng_cui_huo_jiu_jing",
    "namespace": "mod"
  }
}