{
  "_fv": 24,
  "_type": "recipe",
  "definition": {
    "recipeType": "Crafting",
    "xpReward": 0.0,
    "cookingTime": 200,
    "recipeRetstackSize": 1,
    "group": "",
    "recipeShapeless": false,
    "recipeSlots": [
      {
        "value": ""
      },
      {
        "value": "Items.WOODEN_SWORD"
      },
      {
        "value": ""
      },
      {
        "value": "Items.STICK"
      },
      {
        "value": "Items.ENCHANTED_BOOK"
      },
      {
        "value": "Items.STICK"
      },
      {
        "value": ""
      },
      {
        "value": "Items.STICK"
      },
      {
        "value": ""
      }
    ],
    "recipeReturnStack": {
      "value": "CUSTOM:LLaoChenZhiLi"
    },
    "name": "l_lao_chen_zhi_li_he_cheng_pei_fang",
    "namespace": "mod"
  }
}