{
  "_fv": 24,
  "_type": "recipe",
  "definition": {
    "recipeType": "Crafting",
    "xpReward": 0.0,
    "cookingTime": 200,
    "recipeRetstackSize": 1,
    "group": "",
    "recipeShapeless": false,
    "recipeSlots": [
      {
        "value": ""
      },
      {
        "value": "Items.NETHERITE_INGOT"
      },
      {
        "value": ""
      },
      {
        "value": "Items.NETHERITE_INGOT"
      },
      {
        "value": "Items.IRON_INGOT"
      },
      {
        "value": "Items.NETHERITE_INGOT"
      },
      {
        "value": ""
      },
      {
        "value": "Items.NETHERITE_INGOT"
      },
      {
        "value": ""
      }
    ],
    "recipeReturnStack": {
      "value": "CUSTOM:XuShiXiaoDao"
    },
    "name": "sw_lao_cui_dan_he_cheng",
    "namespace": "mod"
  }
}