{
  "_fv": 24,
  "_type": "recipe",
  "definition": {
    "recipeType": "Crafting",
    "xpReward": 0.0,
    "cookingTime": 200,
    "recipeRetstackSize": 1,
    "group": "",
    "recipeShapeless": false,
    "recipeSlots": [
      {
        "value": "CUSTOM:XuShiXiaoDao"
      },
      {
        "value": "CUSTOM:XuShiXiaoDao"
      },
      {
        "value": "CUSTOM:XuShiXiaoDao"
      },
      {
        "value": "CUSTOM:XuShiXiaoDao"
      },
      {
        "value": "Items.NETHER_STAR"
      },
      {
        "value": "CUSTOM:XuShiXiaoDao"
      },
      {
        "value": "CUSTOM:XuShiXiaoDao"
      },
      {
        "value": "CUSTOM:XuShiXiaoDao"
      },
      {
        "value": "CUSTOM:XuShiXiaoDao"
      }
    ],
    "recipeReturnStack": {
      "value": "CUSTOM:SWLaoCuiZhaoHuanQi"
    },
    "name": "sw_lao_cui_shi_tou_he_cheng",
    "namespace": "mod"
  }
}