{
  "_fv": 24,
  "_type": "recipe",
  "definition": {
    "recipeType": "Crafting",
    "xpReward": 0.0,
    "cookingTime": 200,
    "recipeRetstackSize": 1,
    "group": "",
    "recipeShapeless": false,
    "recipeSlots": [
      {
        "value": "CUSTOM:SWYiYongJiuJing"
      },
      {
        "value": "CUSTOM:SWYiYongJiuJing"
      },
      {
        "value": "CUSTOM:SWYiYongJiuJing"
      },
      {
        "value": "CUSTOM:SWYiYongJiuJing"
      },
      {
        "value": "CUSTOM:SWYiYongJiuJing"
      },
      {
        "value": "CUSTOM:SWYiYongJiuJing"
      },
      {
        "value": "CUSTOM:SWYiYongJiuJing"
      },
      {
        "value": "CUSTOM:SWYiYongJiuJing"
      },
      {
        "value": "CUSTOM:SWYiYongJiuJing"
      }
    ],
    "recipeReturnStack": {
      "value": "CUSTOM:SJiuJingJiShu"
    },
    "name": "y_yi_yong_jiu_jing_he_cheng_ji_shu",
    "namespace": "mod"
  }
}