{
  "display": {
    "background": "moregeng_for_804c:textures/img_0061.png",
    "icon": {
      "item": "minecraft:lava"
    },
    "title": {
      "translate": "advancements.serx_xiao_dao_cheng_jiu.title"
    },
    "description": {
      "translate": "advancements.serx_xiao_dao_cheng_jiu.descr"
    },
    "frame": "goal",
    "show_toast": true,
    "announce_to_chat": true,
    "hidden": false
  },
  "criteria": {
    "serx_xiao_dao_cheng_jiu": {
      "trigger": "minecraft:inventory_changed",
      "conditions": {
        "items": [
          {
            "items": [
              "moregeng_for_804c:xu_shi_xiao_dao"
            ],
            "count": {
              "min": 1,
              "max": 1
            }
          }
        ]
      }
    }
  },
  "rewards": {
    "experience": 200
  }
}