{
  "display": {
    "background": "minecraft:textures/block/stone.png",
    "icon": {
      "item": "moregeng_for_804c:sw_yi_yong_jiu_jing"
    },
    "title": {
      "translate": "advancements.sw_he_jiu_jing.title"
    },
    "description": {
      "translate": "advancements.sw_he_jiu_jing.descr"
    },
    "frame": "goal",
    "show_toast": true,
    "announce_to_chat": true,
    "hidden": false
  },
  "criteria": {
    "sw_he_jiu_jing": {
      "trigger": "minecraft:impossible"
    }
  },
  "rewards": {
    "experience": 500
  }
}