{
  "type": "minecraft:crafting_shaped",
  "pattern": [
    "0  ",
    "34 ",
    "678"
  ],
  "key": {
    "0": {
      "item": "minecraft:water_bucket"
    },
    "3": {
      "item": "minecraft:cobblestone"
    },
    "4": {
      "item": "minecraft:flint_and_steel"
    },
    "6": {
      "item": "minecraft:bone"
    },
    "7": {
      "item": "minecraft:cobblestone"
    },
    "8": {
      "item": "minecraft:water_bucket"
    }
  },
  "result": {
    "item": "moregeng_for_804c:sw_yi_yong_jiu_jing",
    "count": 1
  }
}