{
  "type": "minecraft:crafting_shaped",
  "pattern": [
    "012",
    " 4 ",
    " 7 "
  ],
  "key": {
    "0": {
      "item": "moregeng_for_804c:xu_shi_xiao_dao"
    },
    "1": {
      "item": "moregeng_for_804c:xu_shi_xiao_dao"
    },
    "2": {
      "item": "moregeng_for_804c:xu_shi_xiao_dao"
    },
    "4": {
      "item": "minecraft:stick"
    },
    "7": {
      "item": "minecraft:stick"
    }
  },
  "result": {
    "item": "moregeng_for_804c:se_xu_shi_gong_ju_tao_zhuang_pickaxe",
    "count": 1
  }
}