{
  "type": "minecraft:crafting_shaped",
  "pattern": [
    "01",
    "23",
    " 5"
  ],
  "key": {
    "0": {
      "item": "moregeng_for_804c:xu_shi_xiao_dao"
    },
    "1": {
      "item": "moregeng_for_804c:xu_shi_xiao_dao"
    },
    "2": {
      "item": "moregeng_for_804c:xu_shi_xiao_dao"
    },
    "3": {
      "item": "minecraft:stick"
    },
    "5": {
      "item": "minecraft:stick"
    }
  },
  "result": {
    "item": "moregeng_for_804c:se_xu_shi_gong_ju_tao_zhuang_axe",
    "count": 1
  }
}