{
  "type": "minecraft:crafting_shaped",
  "pattern": [
    "012",
    "345",
    "678"
  ],
  "key": {
    "0": {
      "item": "moregeng_for_804c:xu_shi_xiao_dao"
    },
    "1": {
      "item": "moregeng_for_804c:xu_shi_xiao_dao"
    },
    "2": {
      "item": "moregeng_for_804c:xu_shi_xiao_dao"
    },
    "3": {
      "item": "moregeng_for_804c:xu_shi_xiao_dao"
    },
    "4": {
      "item": "minecraft:nether_star"
    },
    "5": {
      "item": "moregeng_for_804c:xu_shi_xiao_dao"
    },
    "6": {
      "item": "moregeng_for_804c:xu_shi_xiao_dao"
    },
    "7": {
      "item": "moregeng_for_804c:xu_shi_xiao_dao"
    },
    "8": {
      "item": "moregeng_for_804c:xu_shi_xiao_dao"
    }
  },
  "result": {
    "item": "moregeng_for_804c:sw_lao_cui_zhao_huan_qi",
    "count": 1
  }
}