{
  "parent": "block/cube",
  "textures": {
    "down": "moregeng_for_804c:blocks/di_biao_zui_qiang_cui_huo_22",
    "up": "moregeng_for_804c:blocks/di_biao_zui_qiang_cui_huo_22",
    "north": "moregeng_for_804c:blocks/di_biao_zui_qiang_cui_huo_22",
    "east": "moregeng_for_804c:blocks/di_biao_zui_qiang_cui_huo_22",
    "south": "moregeng_for_804c:blocks/di_biao_zui_qiang_cui_huo_22",
    "west": "moregeng_for_804c:blocks/di_biao_zui_qiang_cui_huo_22",
    "particle": "moregeng_for_804c:blocks/cui_huo_zhu_"
  }
}